junction_aa,cluster
CASSGLSNQPQHFCAGPIAGGSQGNLIF,0
CASSGYSNQPQHFCAGPIAGGSQGNLIF,0
CASSIRSSYEQYFCAGGGSQGNLIF,1
CASSIRSSYEQYFCAYGGSQGNLIF,1
CASSIRSAYEQYFCAYGGSQGNLIF,1
CASSSRSSYEQYFCAAGGSQGNLIF,1
CASSVRSSYEQYFCAAGGSQGNLIF,1
CASSIRSSYEQYFCATGGSQGNLIF,1
CASSTRSSYEQYFCATGGSQGNLIF,1
CASSIRSAYEQFFCAGGGSQGNLIF,1
CASSIRSAYEQYFCAGGGSQGNLIF,1
CASSTRSSYEQYFCACGGSQGNLIF,1
CASSTRSSYEQYFCAGGGSQGNLIF,1
CASSIRSSYEQYFCASGGSQGNLIF,1
CASSIRSSYEQYFCAAGGSQGNLIF,1
CASSIRSSYEQYFCAFGGSQGNLIF,1
CASSMRSSYEQYFCAGAGSQGNLIF,1
CASSTRSSYEQYFCAGAGSQGNLIF,1
CASSIRSSYEQYFCAHGGSQGNLIF,1
CASSVRSSYEQYFCAGGGSQGNLIF,1
CASSIRSSYEQYFCAVGGSQGNLIF,1
CASSIRSAYEQYFCAGAGSQGNLIF,1
CASSSRSAYEQYFCAGAGSQGNLIF,1
CASSIRSSYEQFFCAGGGSQGNLIF,1
CASSVRSSYEQYFCATGGSQGNLIF,1
CASSIRSSYEQYFCAGAGSQGNLIF,1
CASSVRSSYEQYFCAGAGSQGNLIF,1
CASSMRSSYEQYFCAGDGSQGNLIF,1
CASSSRSSYEQYFCAGAGSQGNLIF,1
CASSIRSSYEQYFCAASGSQGNLIF,1
CASSSRSAYEQYFCAGGGSQGNLIF,1
CASIIRSSYEQYFCAGGGSQGNLIF,1
CASSTRSSYEQYFCASGGSQGNLIF,1
CASSIRSSYEQYFCAGPGSQGNLIF,1
CASSIRSSYEQYFCAGGRSQGNLIF,1
CASSIRSAYEQYFCGGGGSQGNLIF,1
CASSIRSAYEQYFCAASGSQGNLIF,1
CASSIRPSYEQYFCAGGGSQGNLIF,1
CASSIRSSYEQYFCSAGGSQGNLIF,1
CASSIRSSYEQYFCAAQGSQGNLIF,1
CASSSRSAYEQYFCASGGSQGNLIF,1
CASSMTSGALYNEQFFCAVAFGNQFYF,2
CASSMTSGALYNEQFFCAVAFGNQLYF,2
CASSGRATGELFFCAGAGGGSQGNLIF,3
CASSSRATGELFFCAGAGGGSQGNLIF,3
CASSIRSTGELFFCAGAEGGSQGNLIF,3
CASSIRSTGELFFCAGAGGGSQGNLIF,3
CASSIRSTGELFFCAGAYGGSQGNLIF,3
CASSLRSTGELFFCAGAYGGSQGNLIF,3
CASSARSTGELFFCAGNYGGSQGNLIF,3
CASSMRSTGELFFCAGNYGGSQGNLIF,3
CASSIRATGELFFCAGAGGGSQGNLIF,3
CASSIRSTGELFFCAGADGGSQGNLIF,3
CASSISSTGELFFCAGADGGSQGNLIF,3
CASSLRSTGELFFCAGNYGGSQGNLIF,3
CASSIRSTGELFFCAGNYGGSQGNLIF,3
CASSKRSTGELFFCAGAGGGSQGNLIF,3
CASSTRSTGELFFCAGAGGGSQGNLIF,3
CASSIRSTGELFFCAGTYGGSQGNLIF,3
CASSVRSTGELFFCAGNYGGSQGNLIF,3
CASSTRSTGELFFCAGNYGGSQGNLIF,3
CASSGRAAGELFFCAGADGGSQGNLIF,3
CASSGRASGELFFCAGADGGSQGNLIF,3
CASSIRSAGELFFCAGADGGSQGNLIF,3
CASSGRSAGELFFCAGADGGSQGNLIF,3
CASSGRSTGELFFCAGAEGGSQGNLIF,3
CASSGRSTGELFFCAGASGGSQGNLIF,3
CASSSRSAGELFFCAGADGGSQGNLIF,3
CASSRRSTGELFFCAGTYGGSQGNLIF,3
CASSSRSTGELFFCAGAGGGSQGNLIF,3
CASSMRSTGELFFCAMNYGGSQGNLIF,3
CASSIRSTGELFFCAGGDGGSQGNLIF,3
CSARDRTGNGYTFCAHDNNARLMF,4
CSARDRTGNGYTFCSHDNNARLMF,4
CSARDGTGNGYTFCAEDNNARLMF,4
CSARDQTGNGYTFCAEDNNARLMF,4
CSARDSTGNGYTFCAEDNNARLMF,4
CSARDTTGNGYTFCAEDNNARLMF,4
CSARDGTGNGYTFCAHDNNARLMF,4
CSARDRTGNGYTFCAEDNNARLMF,4
CSARDATGNGYTFCAEDNNARLMF,4
CSARDSTGNGYTFCAEDNNPRLMF,4
CSARDSTGNGYTFCAEDNNTRLMF,4
CSARDRTGNGYTFCADDNNARLMF,4
CSARDRIGNGYTFCAEDNNARLMF,4
CSARDSTGNGYTFCASDNNARLMF,4
CSARDGTGNGYTFCAEDANARLMF,4
CSARDTVGNGYTFCAEDNNARLMF,4
CASSFRSTDTQYFCAGAGGGSQGNLIF,5
CASSPRSTDTQYFCAGAGGGSQGNLIF,5
CASSMRSTDTQYFCAGSDGGSQGNLIF,5
CASSTRSTDTQYFCAGSDGGSQGNLIF,5
CASSKRSTDTQYFCAGAGGGSQGNLIF,5
CASSTRSTDTQYFCAGAGGGSQGNLIF,5
CASSIRSTDTQYFCAGAGGGSQGNLIF,5
CASSKRSSDTQYFCAGAGGGSQGNLIF,5
CASSIRSADTQYFCAGAGGGSQGNLIF,5
CASSMRSADTQYFCAGAGGGSQGNLIF,5
CASSTRSTDTQYFCAGADGGSQGNLIF,5
CASSRRSTDTQYFCAGAGGGSQGNLIF,5
CASSGRSADTQYFCAGAGGGSQGNLIF,5
CASSGRSTDTQYFCAGADGGSQGNLIF,5
CASSGRSTDTQYFCAGAHGGSQGNLIF,5
CASSGRSTDTQYFCAGAGGGSQGNLIF,5
CASSLRSADTQYFCAGAGGGSQGNLIF,5
CASSSRSTDTQYFCAGAGGGSQGNLIF,5
CASSGRSTDTQYFCAVAHGGSQGNLIF,5
CASSIRASYEQYFCAGVGGGSQGNLIF,6
CASSIRSSYEQYFCAGVGGGSQGNLIF,6
CASSIRSSYEQYFCAGEGGGSQGNLIF,6
CASSVRSSYEQYFCAGEGGGSQGNLIF,6
CASSERASPGNVLTFCAERGGGFKTIF,7
CASSERDSPGNVLTFCAERGGGFKTIF,7
CASSIGYYGYTFCAFMIGAGGTSYGKLTF,8
CASSIGYYGYTFCAFMLGAGGTSYGKLTF,8
CASSIGSYGYTFCAFMIGAGGTSYGKLTF,8
CASSQGSYGYTFCAFMIGAGGTSYGKLTF,8
CASSIGSYGYTFCAFMINAGGTSYGKLTF,8
CASSIGNYGYTFCAFMIGAGGTSYGKLTF,8
CASSIGSYGYTFCAFMVNAGGTSYGKLTF,8
CATSQGSYGYTFCAFMIGAGGTSYGKLTF,8
CASSIGAYGYTFCAFMINAGGTSYGKLTF,8
CASSIGSHGYTFCAFMIGAGGTSYGKLTF,8
CASSFQGYTEAFFCADYYGQNFVF,9
CASSFQGYTEAFFCAVYYGQNFVF,9
CASSFQGYTEAFFCAGYYGQNFVF,9
CASSFQGFTEAFFCADYYGQNFVF,9
CASSFRSTDTQYFCATDGGGGSQGNLIF,10
CASSMRSTDTQYFCATDGGGGSQGNLIF,10
CASSGRSTDTQYFCATDGGGGSQGNLIF,10
CASSIRSTDTQYFCATDGGGGSQGNLIF,10
CASSRRSTDTQYFCATDGGGGSQGNLIF,10
CASSFGSTDTQYFCAGDGGGGSQGNLIF,10
CASSFRSTDTQYFCAGDGGGGSQGNLIF,10
CASSIRSAYEQYFCAGAFGSSNTGKLIF,11
CASSIRSSYEQYFCAGAFGSSNTGKLIF,11
CASSIRSAYEQYFCAGADGSSNTGKLIF,11
CASSIRSAYEQYFCAGADSSSNTGKLIF,11
CASSIRSSYEQYFCAGASGSSNTGKLIF,11
CASSIRSSYEQYFCAGAVGSSNTGKLIF,11
CASSIRSAYEQYFCAGAHGSSNTGKLIF,11
CASSIRSAYEQYFCAGAYGSSNTGKLIF,11
CASSIRSAYEQYFCAGAVGSSNTGKLIF,11
CASSTRSAYEQYFCAGADGSSNTGKLIF,11
CASSTRSAYEQYFCAGASGSSNTGKLIF,11
CASSIRSAYEQYFCAGALGSSNTGKLIF,11
CASSIRSAYEQYFCAGAMGSSNTGKLIF,11
CASSIRSAYEQYFCAGAAGSSNTGKLIF,11
CASSSRSAYEQYFCAGAAGSSNTGKLIF,11
CASSIRSSYEQYFCAGAIGSSNTGKLIF,11
CASSVRSSYEQYFCAGAIGSSNTGKLIF,11
CASSIRSAYEQFFCAGALGSSNTGKLIF,11
CASSIRSAYEQYFCAGASGSSNTGKLIF,11
CASSIRSAYEQYFCAGASGSGNTGKLIF,11
CASSIRSGYEQYFCAGAVGSSNTGKLIF,11
CASSIRSAYEQYFCAGASSSSNTGKLIF,11
CASSIRSAYEQYFCAGARGSSNTGKLIF,11
CASSIRSAYEQFFCAGASGSSNTGKLIF,11
CASSIRSAYEQYFCAGADGSGNTGKLIF,11
CASSIRSSYEQYFCAGSFGSSNTGKLIF,11
CASSIRSAYEQYFCAGAPSSSNTGKLIF,11
CASSVRSSYEQYFCAGAHGSSNTGKLIF,11
CASSIRSAYEQFFCAGAQGSSNTGKLIF,11
CASSHAGLGVEQYFCAVNDNARLMF,12
CASSHAGLGVEQYFCAVNDNARLQF,12
CASSHAGLGVEQYFCAVNDNARLRF,12
CSVPITVQETQYFCALRCFGNEKLTF,13
CSVPSTVQETQYFCALRCFGNEKLTF,13
CSVPSTVQETQYFCAVRCFGNEKLTF,13
CSVPGTVQETQYFCALRCFGNEKLTF,13
CSVPITVQETQYFCAVRCFGNEKLTF,13
CSVPIAVQETQYFCAVRCFGNEKLTF,13
CASSLGGSSTDTQYFCAMKSGGFKTIF,14
CASSLGGSSTDTQYFCAMKTGGFKTIF,14
CASSIRSTDTQYFCAGNYGGSQGNLIF,15
CASSIRSTDTQYFCAGSYGGSQGNLIF,15
CASSMRSTDTQYFCAGNYGGSQGNLIF,15
CASSTRSTDTQYFCAGNYGGSQGNLIF,15
CASSIRSTDTQYFCAGQYGGSQGNLIF,15
CASSIRSTDTQYFCAANYGGSQGNLIF,15
CASSSRSTDTQYFCAANYGGSQGNLIF,15
CASSIRSTDTQYFCAVSYGGSQGNLIF,15
CASSTRSTDTQYFCAANYGGSQGNLIF,15
CASSTRSTDTQYFCAMNYGGSQGNLIF,15
CASSRRSTDTQYFCAGNYGGSQGNLIF,15
CASSIRSTDTQYFCACNYGGSQGNLIF,15
CASSLRSTDTQYFCAGNYGGSQGNLIF,15
CASSQRSTDTQYFCAGNYGGSQGNLIF,15
CASSIRSTDTQYFCAGSHGGSQGNLIF,15
CATQDQNTGELFFCVVNNNNDMRF,16
CATQDTNTGELFFCVVNNNNDMRF,16
CASSLDIEAFFCAVNRDDKIIF,17
CASSPDIEAFFCAVNRDDKIIF,17
CASSPDIEAFFCAVNMDDKIIF,17
CASSPDILAFFCAVNRDDKIIF,17
CASSLDIEAFFCAVNGDDKIIF,17
CASSPDIEQFFCAVNRDDKIIF,17
CASSPDIEQYFCAVNRDDKIIF,17
CASSPDIVAFFCAVNRDDKIIF,17
CASRIDSNQPQHFCAMRGDAGGTSYGKLTF,18
CASSIDSNQPQHFCAMRGDAGGTSYGKLTF,18
CASSIYSNQPQHFCAMRGDAGGTSYGKLTF,18
CASSVYSNQPQHFCAMRGDAGGTSYGKLTF,18
CASSLGGAEAFFCAVINSGNTPLVF,19
CASSLGGTEAFFCAVINSGNTPLVF,19
CASSLGGTEAFFCAVIRSGNTPLVF,19
CASSLGGTEAFFCAVVRSGNTPLVF,19
CASSLGGAEAFFCAVIYSGNTPLVF,19
CASSLGGTEAFFCAVVYSGNTPLVF,19
CASSMRSSYEQYFCAVSGSQGNLIF,20
CASSSRSSYEQYFCAVSGSQGNLIF,20
CASSVRSSYEQYFCAVSGSQGNLIF,20
CASSLQTGATFNYGYTFCAGNTGNQFYF,21
CASSLQTGATFNYGYTFCARNTGNQFYF,21
CASSLAPGATNEKLFFCIIDNNNDMRF,22
CASSLAPGATNEKLFFCIRDNNNDMRF,22
CASSLAPGTTNEKLFFCIKDNNNDMRF,22
CASSLAPGTTNEKLFFCILDNNNDMRF,22
CASSLAPGTTNEKLFFCIRDNNNDMRF,22
CASSLAPGATNEKLFFCILDNNNDMRF,22
CASSFGQQETQYFCATDGLSNFGNEKLTF,23
CASSYGQQETQYFCATDGLSNFGNEKLTF,23
CASSTYSGQSYGYTFCAARFDSGYALNF,24
CASSTYYGQSYGYTFCAARFDSGYALNF,24
CSARDRGIGNTIYFCAEDNNARLMF,25
CSARDRGSGNTIYFCAEDNNARLMF,25
CASSIRAGETQYFCAENMGGGSQGNLIF,26
CASSVRAGETQYFCAENMGGGSQGNLIF,26
CAWSISDLAKNIQYFCILSNNNDMCF,27
CAWSISDLAKNIQYFCILSNNNDMRF,27
CSVGTGGTNEKLFFCAESIGKLIF,28
CSVGTGGTNEKLFFCAESTGKLIF,28
CSVGQGGTNEKLFFCAESTGKLIF,28
CSVGAGGTNEKLFFCAESIGKLIF,28
CSVGTQGTNEKLFFCAESIGKLIF,28
CSVGSGGTNEKLFFCAESIGKLIF,28
CASSLKTDSYEQYFCVVRADSWGKLQF,29
CASSLKTDSYEQYFCVVRTDSWGKLQF,29
CASSFKTDSYEQYFCVVRADSWGKLQF,29
CSARIGVGNTIYFCAEDNNARLMF,30
CSARVGVGNTIYFCAEDNNARLMF,30
CASSQAPGGEQYFCAELGNDMRF,31
CASSQCPGGEQYFCAELGNDMRF,31
CASSQSPGGEQYFCAELGNDMRF,31
CASSIHGANQPQHFCAASARSMDSNYQLIW,32
CASSIRGANQPQHFCAASARSMDSNYQLIW,32
CASSLLGGAGTDTQYFCAFSSNYQLIW,33
CASSLLGRAGTDTQYFCAFSSNYQLIW,33
CSARDRGDEKLFFCLVGDMPSGGYQKVTF,34
CSARDRGDEKLFFCLVGDVPSGGYQKVTF,34
CASSLKGNTEAFFCAVNNARLMF,35
CASSLKLNTEAFFCAVNNARLMF,35
CASSIRSSYEQYFCAVGGDGGSQGNLIF,36
CASSIRSSYEQYFCAVGGYGGSQGNLIF,36
CASSIRSSYEQYFCAPGGDGGSQGNLIF,36
CASSVRSSYEQYFCAVGGDGGSQGNLIF,36
CSARDRVGNTIYFCAADSNARFMF,37
CSARDRVGNTIYFCAADSNARLMF,37
CASSLSGGINEQFFCAVDDLYSNYQLIW,38
CASSLWGGINEQFFCAVDDLYSNYQLIW,38
CASSLGGGSTDTQYFCAMREGTSYQKVTF,39
CASSLGGSSTDTQYFCAMREGTSYQKVTF,39
CSARDSTGNGYTFCAVPPEGGYNKLIF,40
CSARDSTGNGYTFCAVPVEGGYNKLIF,40
CSARDSTGNGYTFCAVPAEGGYNKLIF,40
CSARGQGDEQYFCAEKGGTALIF,41
CSERGQGDEQYFCAEKGGTALIF,41
CASSQGAYGYTFCAFMKGAGGTSYGKLTF,42
CASSTGAYGYTFCAFMKGAGGTSYGKLTF,42
CASSIRSAYEQYFCAGVDGGSQGNLIF,43
CASSTRSAYEQYFCAGVDGGSQGNLIF,43
CASSDLDTGELFFCVVNDGNDMRF,44
CASSDLDTGELFFCVVNKGNDMRF,44
CASSTKDGGTGELFFCALRVMNRDDKIIF,45
CASSTKVGGTGELFFCALRVMNRDDKIIF,45
CASSTKEGGTGELFFCALRVMNRDDKIIF,45
CASSTKEGGTGEQFFCALRVMNRDDKIIF,45
CSARLRELSGNTIYFCAEDNNARLMF,46
CSARLRKLSGNTIYFCAEDNNARLMF,46
CASASANYGYTFCAGPMKTSYDKVIF,47
CASSSANYGYTFCAGPMKTSYDKVIF,47
CASSSAFYGYTFCAGPMKTSYDKVIF,47
CASSSAYYGYTFCAGPMKTSYDKVIF,47
CASSSANYGYTFCAGPEKTSYDKVIF,47
CASSSAHYGYTFCAGPRQTSYDKVIF,47
CASSSANYGYTFCAGPRQTSYDKVIF,47
CASSSANYGYTFCAGPRKTSYDKVIF,47
CASSSAHYGYTFCAGPMKTSYDKVIF,47
CATGRGGKIGEQYFCAEIQASGGSYIPTF,48
CATGRGGMIGEQYFCAEIQASGGSYIPTF,48
CASSFAVNTEAFFCAANTGNQFYF,49
CASSLAVNTEAFFCAANTGNQFYF,49
CASSQGAYGYTFCAFMTNAGGTSYGKLTF,50
CASSQGSYGYTFCAFMTNAGGTSYGKLTF,50
CASSTGSYGYTFCAFMTNAGGTSYGKLTF,50
CASSIRAAETQYFCAAQGSQGNLIF,51
CASSIRAAETQYFCAVQGSQGNLIF,51
CASSIGSYGYTFCAFMKDAGGTSYGKLTF,52
CASSIGVYGYTFCAFMKDAGGTSYGKLTF,52
CASSIGVYGYTFCAFMKGAGGTSYGKLTF,52
CASSIRSAYEQYFCAATPSNTGKLIF,53
CASSIRSAYEQYFCAVTPSNTGKLIF,53
CASSETGGYEQYFCVVNAHSGAGSYQLTF,54
CASSETGGYEQYFCVVNALSGAGSYQLTF,54
CASSARSTDTQYFCALDMGGGSQGNLIF,55
CASSIRSTDTQYFCALDMGGGSQGNLIF,55
CASSADIEAFFCVVNGGDKIIF,56
CASSLDIEAFFCVVNGGDKIIF,56
CASSYWGGTDTQYFCATDGAQKLVF,57
CASSYWGGTDTQYFCATDRAQKLVF,57
CASSIRSSYEQYFCAGAGNTGKLIF,58
CASSVRSSYEQYFCAGAGNTGKLIF,58
CASSPQTGTIYGYTGFCAKNTGNQFYF,59
CASSPQTGTIYGYTGFCARNTGNQFYF,59
CASSGQGAYGYTFCAVTGDDKIIF,60
CASSSQGAYGYTFCAVTGDDKIIF,60
CSVGAGGTNEKLFFCAESTCWGKLQF,61
CSVGAGGTNEKLFFCAESTSWGKLQF,61
CASSVAGGDEQFFCAENRCSTLTF,62
CASSVAGGDEQFFCAENRYSTLTF,62
CASSVAGGDEQFFCAENLYSTLTF,62
CASRPGLAGGRPEQYFCAVTTDAWGKLQF,63
CASRPGLAGGRPEQYFCAVTTDSWGKLQF,63
CASRPGLAGGRPEQYFCAVTTDTWGKLQF,63
CASSFQTGTGTYGYTFCARNTGNQFYF,64
CASSYQTGTGTYGYTFCARNTGNQFYF,64
CASSYQTGTGVYGYTFCARNTGNQFYF,64
CASSAQTGASYGYTFCARNTGNQFYF,65
CASSFQTGASYGYTFCARNTGNQFYF,65
CASSPVTGGIYGYTGFCAKNTGNQFYF,66
CASSPVTGGIYGYTGFCARNTGNQFYF,66
CASSPQRNTEAFFCAASIGNFGNEKLTF,67
CASSPSRNTEAFFCAASIGNFGNEKLTF,67
CSARDGLAGHYEQYFCAVSGSYNTDKLIF,68
CSARDGLTGHYEQYFCAVSGSYNTDKLIF,68
CASSMFGGQPQHFCALSEAGTGGSYIPTF,69
CASSMFVGQPQHFCALSEAGTGGSYIPTF,69
CASSGRSGETQYFCAENIGGGSQGNLIF,70
CASSMRSGETQYFCAENIGGGSQGNLIF,70
CASSIRSSYEQYFCAASAGGGSQGNLIF,71
CASSIRSSYEQYFCAASEGGGSQGNLIF,71
CASSIRASYEQYFCAASAGGGSQGNLIF,71
CASSVGGVPYNEQFFCATDDQGAQKLVF,72
CASSVGGVPYNEQFFCATDHQGAQKLVF,72
CSAPTSGGHNEQFFCAVGDDKIIF,73
CSAPTSGGSNEQFFCAVGDDKIIF,73
CASSLSFGTEAFFCAVNFGGGKLIF,74
CASSWSFGTEAFFCAVNFGGGKLIF,74
CSARDRVGNGHTFCAEDDNARLMF,75
CSARDRVGNGYTFCAEDDNARLMF,75
CASSFEDTNYGYTFCAVLSSGTYKYIF,76
CASSFEDTNYGYTFCAVLTSGTYKYIF,76
CASSIRGSGEQYFCAGNYGGSQGNLIF,77
CASSIRGSYEQYFCAGNYGGSQGNLIF,77
CASSFRSSYEQYFCAGQLGGGSQGNLIF,78
CASSIRSSYEQYFCAGQLGGGSQGNLIF,78
CASSFGIYEQYFCAYSSGAGGTSYGKLTF,79
CASSFGVYEQYFCAYSSGAGGTSYGKLTF,79
CASSLDRVTGECFFCILGWGKLQF,80
CASSLDRVTGELFFCILGWGKLQF,80
CASSLEGYTEAFFCAFPYNNNDMRF,81
CASSLEGYTEAFFCAYPYNNNDMRF,81
CASSQSPGGEQFFCAESQGNLIF,82
CASSQSPGGQQFFCAESQGNLIF,82
CASSQRPGGQQFFCAESQGNLIF,82
CASRPGLMSARPEQYFCAVTTDSWGKLQF,83
CASRPGLMSGRPEQYFCAVTTDSWGKLQF,83
CASRPGLMSAQPEQYFCAVTTDSWGKLQF,83
CASRPGLMSAQPEQYFCAVTTDTWGKLQF,83
CASSSRAAYEQYFCAVNMGGGSQGNLIF,84
CASSSRASYEQYFCAVNMGGGSQGNLIF,84
CASSLGQAYEQYFCILPLAGGTSYGKLTF,85
CASSLGQAYEQYFCILPLLGGTSYGKLTF,85
CASSSGQAYEQYFCILPLAGGTSYGKLTF,85
CASGPGTSATDTQYFCAVRQDYQLIW,86
CASGPGTSATDTQYFCAVRQGYQLIW,86
CASSYFDEKLFFCAVRDNFITGGFKTIF,87
CASSYFDEKLFFCAVRDNSITGGFKTIF,87
CSAEPETSGGLQYFCAVGEDSSYKLIF,88
CSAEPGTSGGLQYFCAVGEDSSYKLIF,88
CASSISSTGELFFCAVRDGTGANNLFF,89
CASSIVSTGELFFCAVRDGTGANNLFF,89
CASSPRTSGGYQEPQYFCALSESANSGGYQKVTF,90
CASSPRTSGGYQETQYFCALSESANSGGYQKVTF,90
CASSIRASYEQYFCAGASGNTGKLIF,91
CASSIRSSYEQYFCAGASGNTGKLIF,91
CASSLTGGGELFFCATDDDSARQLTF,92
CASSLTGGGKLFFCATDDDSARQLTF,92
CASSLTGGGELFFCATDEDSARQLTF,92
CASSFRSSYEQYFCAVTGGGSQGNLIF,93
CASSIRSSYEQYFCAVTGGGSQGNLIF,93
CASSGVQLLPGELFFCVVNGMDSSHKLIF,94
CASSGVQLLPGELFFCVVNGMDSSYKLIF,94
CASSDHPGSRELWKHHIFCAMSERNKARLMF,95
CASSDHPGSRELWKHHIFCAMSERNNARLMF,95
CASSGNEQDLQPQHFCVVNRVENSGYSTLTF,96
CASSGNGQDLQPQHFCVVNRVENSGYSTLTF,96
CASSQSPGGTQYFCAEYSSAFKIIF,97
CASSQSPGGTQYFCAEYSSASKIIF,97
CASSVGGEAYEQYFCAVNIDTMDSNYQLIW,98
CASSVGGEAYEQYFCSVNIDTMDSNYQLIW,98
CASSVGGEAYEQYFCAVNIDNMDSNYQLIW,98
CASSIRSSYEQFFCAVDGGGGSQGNLIF,99
CASSIRSSYEQYFCAVDGGGGSQGNLIF,99
CASSARSSGELFFCAGASGGSQGNLIF,100
CASSIRSSGELFFCAGASGGSQGNLIF,100
CASSIVNEAFFCAVRNNNARLMF,101
CASSVVNEAFFCAVRNNNARLMF,101
CASSFRSNSYEQYFCVVRADSWGKLQF,102
CASSFSSNSYEQYFCVVRADSWGKLQF,102
CASSFENTGELFFCAQNSGGYQKVTF,103
CASSFENTGELFFCAVNSGGYQKVTF,103
CASSIRSAYEQYFCAVGGYGGSQGNILF,104
CASSIRSSYEQYFCAVGGYGGSQGNILF,104
CASSVVTEAFFCAVRDTNARLMF,105
CASSVVTEAFFCAVRGTNARLMF,105
CASSPDIEAFFCVVNKGDKIIF,106
CASSPDIEAFFCVVNKGDKLIF,106
CASGAGGPLNEQFFCAMSERNKARLMF,107
CASGAGGPLNEQFFCAMSERNNARLMF,107
CASSIRSAYEQYFCAGGGSSNTGKLIF,108
CASSIRSSYEQYFCAGGGSSNTGKLIF,108
CASSLGIYGYTFCAYSTNAGGTSYGKLTF,109
CASSSGIYGYTFCAYSTNAGGTSYGKLTF,109
CASSFGTFETQYFCASGGSQGNLIF,110
CASSIGTFETQYFCASGGSQGNLIF,110
