,size,motif
0,2,CASSG[LY]SNQPQHFCAGPIAGGSQGNLIF
1,39,CASSiRSSYEQYFCA.gGSQGNLIF
2,2,CASSMTSGALYNEQFFCAVAFGNQ[LF]YF
3,29,CASS.RSTGELFFCAGa.GGSQGNLIF
4,16,CSARD.TGNGYTFCAeDNNARLMF
5,19,CASS.RSTDTQYFCAGAgGGSQGNLIF
6,4,CASSIRSSYEQYFCAG[VE]GGGSQGNLIF
7,2,CASSER[AD]SPGNVLTFCAERGGGFKTIF
8,10,CASSIGsYGYTFCAFMIGAGGTSYGKLTF
9,4,CASSFQGYTEAFFCAdYYGQNFVF
10,7,CASS.RSTDTQYFCATDGGGGSQGNLIF
11,29,CASSIRSAYEQYFCAGA.GSSNTGKLIF
12,3,CASSHAGLGVEQYFCAVNDNARL.F
13,6,CSVP[IS]TVQETQYFCA[VL]RCFGNEKLTF
14,2,CASSLGGSSTDTQYFCAMK[ST]GGFKTIF
15,15,CASS.RSTDTQYFCAgNYGGSQGNLIF
16,2,CATQD[QT]NTGELFFCVVNNNNDMRF
17,8,CASSPDIEAFFCAVNRDDKIIF
18,4,CASSI[YD]SNQPQHFCAMRGDAGGTSYGKLTF
19,6,CASSLGGtEAFFCAVi.SGNTPLVF
20,3,CASS.RSSYEQYFCAVSGSQGNLIF
21,2,CASSLQTGATFNYGYTFCA[RG]NTGNQFYF
22,6,CASSLAPG[AT]TNEKLFFCI.DNNNDMRF
23,2,CASS[YF]GQQETQYFCATDGLSNFGNEKLTF
24,2,CASSTY[SY]GQSYGYTFCAARFDSGYALNF
25,2,CSARDRG[IS]GNTIYFCAEDNNARLMF
26,2,CASS[VI]RAGETQYFCAENMGGGSQGNLIF
27,2,CAWSISDLAKNIQYFCILSNNNDM[RC]F
28,6,CSVG.GGTNEKLFFCAESiGKLIF
29,3,CASSlKTDSYEQYFCVVRaDSWGKLQF
30,2,CSAR[VI]GVGNTIYFCAEDNNARLMF
31,3,CASSQ.PGGEQYFCAELGNDMRF
32,2,CASSI[RH]GANQPQHFCAASARSMDSNYQLIW
33,2,CASSLLG[RG]AGTDTQYFCAFSSNYQLIW
34,2,CSARDRGDEKLFFCLVGD[VM]PSGGYQKVTF
35,2,CASSLK[LG]NTEAFFCAVNNARLMF
36,4,CASSIRSSYEQYFCAVGGDGGSQGNLIF
37,2,CSARDRVGNTIYFCAADSNAR[LF]MF
38,2,CASSL[WS]GGINEQFFCAVDDLYSNYQLIW
39,2,CASSLGG[SG]STDTQYFCAMREGTSYQKVTF
40,3,CSARDSTGNGYTFCAVP.EGGYNKLIF
41,2,CS[AE]RGQGDEQYFCAEKGGTALIF
42,2,CASS[QT]GAYGYTFCAFMKGAGGTSYGKLTF
43,2,CASS[IT]RSAYEQYFCAGVDGGSQGNLIF
44,2,CASSDLDTGELFFCVVN[DK]GNDMRF
45,4,CASSTKeGGTGELFFCALRVMNRDDKIIF
46,2,CSARLR[EK]LSGNTIYFCAEDNNARLMF
47,9,CASSSAnYGYTFCAGP[MR]KTSYDKVIF
48,2,CATGRGG[KM]IGEQYFCAEIQASGGSYIPTF
49,2,CASS[LF]AVNTEAFFCAANTGNQFYF
50,3,CASSqGsYGYTFCAFMTNAGGTSYGKLTF
51,2,CASSIRAAETQYFCA[VA]QGSQGNLIF
52,3,CASSIGvYGYTFCAFMKdAGGTSYGKLTF
53,2,CASSIRSAYEQYFCA[VA]TPSNTGKLIF
54,2,CASSETGGYEQYFCVVNA[LH]SGAGSYQLTF
55,2,CASS[IA]RSTDTQYFCALDMGGGSQGNLIF
56,2,CASS[AL]DIEAFFCVVNGGDKIIF
57,2,CASSYWGGTDTQYFCATD[RG]AQKLVF
58,2,CASS[VI]RSSYEQYFCAGAGNTGKLIF
59,2,CASSPQTGTIYGYTGFCA[RK]NTGNQFYF
60,2,CASS[SG]QGAYGYTFCAVTGDDKIIF
61,2,CSVGAGGTNEKLFFCAEST[SC]WGKLQF
62,3,CASSVAGGDEQFFCAENrySTLTF
63,3,CASRPGLAGGRPEQYFCAVTTD.WGKLQF
64,3,CASSyQTGTGtYGYTFCARNTGNQFYF
65,2,CASS[AF]QTGASYGYTFCARNTGNQFYF
66,2,CASSPVTGGIYGYTGFCA[RK]NTGNQFYF
67,2,CASSP[QS]RNTEAFFCAASIGNFGNEKLTF
68,2,CSARDGL[AT]GHYEQYFCAVSGSYNTDKLIF
69,2,CASSMF[VG]GQPQHFCALSEAGTGGSYIPTF
70,2,CASS[GM]RSGETQYFCAENIGGGSQGNLIF
71,3,CASSIRsSYEQYFCAASaGGGSQGNLIF
72,2,CASSVGGVPYNEQFFCATD[DH]QGAQKLVF
73,2,CSAPTSGG[SH]NEQFFCAVGDDKIIF
74,2,CASS[LW]SFGTEAFFCAVNFGGGKLIF
75,2,CSARDRVGNG[HY]TFCAEDDNARLMF
76,2,CASSFEDTNYGYTFCAVL[ST]SGTYKYIF
77,2,CASSIRGS[GY]EQYFCAGNYGGSQGNLIF
78,2,CASS[IF]RSSYEQYFCAGQLGGGSQGNLIF
79,2,CASSFG[VI]YEQYFCAYSSGAGGTSYGKLTF
80,2,CASSLDRVTGE[LC]FFCILGWGKLQF
81,2,CASSLEGYTEAFFCA[YF]PYNNNDMRF
82,3,CASSQsPGGqQFFCAESQGNLIF
83,4,CASRPGLMSA[QR]PEQYFCAVTTDSWGKLQF
84,2,CASSSRA[AS]YEQYFCAVNMGGGSQGNLIF
85,3,CASSlGQAYEQYFCILPLaGGTSYGKLTF
86,2,CASGPGTSATDTQYFCAVRQ[DG]YQLIW
87,2,CASSYFDEKLFFCAVRDN[FS]ITGGFKTIF
88,2,CSAEP[EG]TSGGLQYFCAVGEDSSYKLIF
89,2,CASSI[VS]STGELFFCAVRDGTGANNLFF
90,2,CASSPRTSGGYQE[PT]QYFCALSESANSGGYQKVTF
91,2,CASSIR[AS]SYEQYFCAGASGNTGKLIF
92,3,CASSLTGGGeLFFCATDdDSARQLTF
93,2,CASS[IF]RSSYEQYFCAVTGGGSQGNLIF
94,2,CASSGVQLLPGELFFCVVNGMDSS[HY]KLIF
95,2,CASSDHPGSRELWKHHIFCAMSERN[KN]ARLMF
96,2,CASSGN[EG]QDLQPQHFCVVNRVENSGYSTLTF
97,2,CASSQSPGGTQYFCAEYSSA[FS]KIIF
98,3,CASSVGGEAYEQYFCaVNIDtMDSNYQLIW
99,2,CASSIRSSYEQ[YF]FCAVDGGGGSQGNLIF
100,2,CASS[IA]RSSGELFFCAGASGGSQGNLIF
101,2,CASS[VI]VNEAFFCAVRNNNARLMF
102,2,CASSF[RS]SNSYEQYFCVVRADSWGKLQF
103,2,CASSFENTGELFFCA[VQ]NSGGYQKVTF
104,2,CASSIRS[AS]YEQYFCAVGGYGGSQGNILF
105,2,CASSVVTEAFFCAVR[DG]TNARLMF
106,2,CASSPDIEAFFCVVNKGDK[IL]IF
107,2,CASGAGGPLNEQFFCAMSERN[KN]ARLMF
108,2,CASSIRS[AS]YEQYFCAGGGSSNTGKLIF
109,2,CASS[LS]GIYGYTFCAYSTNAGGTSYGKLTF
110,2,CASS[IF]GTFETQYFCASGGSQGNLIF
